{
  "intercept": -0.30950008456378775,
  "feature_names": [
    "pi_prior_rate",
    "pi_sponsor_rate",
    "log_amount",
    "Duration (years)",
    "Fiscal Year Submitted",
    "sponsor_group_DOD",
    "sponsor_group_DOE",
    "sponsor_group_Industry",
    "sponsor_group_MTU_Internal",
    "sponsor_group_NASA",
    "sponsor_group_NIH_Health",
    "sponsor_group_NSF",
    "sponsor_group_NonProfit",
    "sponsor_group_Other",
    "sponsor_group_Other_Federal",
    "sponsor_group_Transportation",
    "funding_group_Federal",
    "funding_group_Industry",
    "funding_group_Internal",
    "funding_group_NonProfit",
    "funding_group_Other",
    "funding_group_State",
    "Department_AC",
    "Department_BIO",
    "Department_BME",
    "Department_CC",
    "Department_CEGE",
    "Department_CEGE/COB",
    "Department_CFRES",
    "Department_CLS",
    "Department_COB",
    "Department_CS",
    "Department_ECE",
    "Department_EF",
    "Department_GLRC",
    "Department_GMES",
    "Department_HUM",
    "Department_MAE",
    "Department_MAE/AC",
    "Department_MAT",
    "Department_PHY",
    "Department_SOC"
  ],
  "coefficients": [
    0.24735794311331066,
    0.06815074301146865,
    0.13410294579989282,
    -0.8351480404979661,
    -0.21676968361260815,
    0.00405559003328514,
    -0.12662048164791,
    -0.32927476808551376,
    0.4052330380050426,
    0.1324225531178141,
    -0.17139247344981573,
    -0.07108956289379438,
    -0.09104825356753805,
    0.06794509858304397,
    -0.004034374909469698,
    -0.2920500159272658,
    0.05857190578127495,
    -0.21143257779480878,
    -0.2742860879656698,
    0.33417091543275146,
    0.11168576334344191,
    0.09585979621718828,
    0.18095248181254206,
    0.21168079953221974,
    -0.10156281923092976,
    -0.18704419095963185,
    -0.21580671695070106,
    -0.03125354364397374,
    -0.17580339999675337,
    0.1415506132458419,
    0.04656585761130368,
    0.2615498997461429,
    -0.09480451272905394,
    -0.2820838061096887,
    0.06519166604317722,
    -0.17097104043361827,
    -0.4273433130948208,
    0.11558553793911026,
    0.2391462062024628,
    -0.3215373202139612,
    -0.20652625150930673,
    -0.13267532518518818
  ],
  "scaler_mean": [
    0.39011591211148333,
    0.40103812992440685,
    11.864185432983394,
    2.253765060240964,
    23.316265060240966,
    0.04819277108433735,
    0.04216867469879518,
    0.009036144578313253,
    0.15060240963855423,
    0.015060240963855422,
    0.12349397590361445,
    0.3704819277108434,
    0.0391566265060241,
    0.18072289156626506,
    0.015060240963855422,
    0.006024096385542169,
    0.7228915662650602,
    0.03313253012048193,
    0.14759036144578314,
    0.06927710843373494,
    0.015060240963855422,
    0.012048192771084338,
    0.20180722891566266,
    0.0030120481927710845,
    0.10542168674698796,
    0.0030120481927710845,
    0.02108433734939759,
    0.024096385542168676,
    0.0030120481927710845,
    0.015060240963855422,
    0.018072289156626505,
    0.2469879518072289,
    0.22289156626506024,
    0.006024096385542169,
    0.009036144578313253,
    0.024096385542168676,
    0.009036144578313253,
    0.06626506024096386,
    0.0030120481927710845,
    0.009036144578313253,
    0.006024096385542169,
    0.0030120481927710845
  ],
  "scaler_std": [
    0.28848256199796096,
    0.29923037404455255,
    2.2747349990751795,
    1.4666809445125004,
    1.0610749389786807,
    0.21417335945338764,
    0.20097382310376238,
    0.09462818115906631,
    0.3576609062360818,
    0.12179256999491402,
    0.329003364449563,
    0.4829338142546045,
    0.19396748466351732,
    0.3847884198234051,
    0.12179256999491402,
    0.07738091914858512,
    0.44757049689172795,
    0.1789825845391034,
    0.3546934544844128,
    0.2539247736649488,
    0.12179256999491402,
    0.10910102576069175,
    0.40134906412379234,
    0.0547994138513863,
    0.30709600243312823,
    0.0547994138513863,
    0.14366554238207008,
    0.15334845857057658,
    0.0547994138513863,
    0.121792569994914,
    0.13321291799696375,
    0.43125967058061304,
    0.4161861554076115,
    0.07738091914858512,
    0.0946281811590663,
    0.15334845857057658,
    0.0946281811590663,
    0.2487448532778624,
    0.0547994138513863,
    0.09462818115906631,
    0.07738091914858512,
    0.0547994138513863
  ],
  "overall_rate": 0.4092140921409214,
  "threshold": 0.51
}